lr-AdamW/geometry,lr-AdamW/texture,lr-AdamW/variance,step,train/loss_rgb_mse,train/loss_rgb,train/loss_normal,train/loss_eikonal,train/loss_mask,train/loss_opaque,train/loss_sparsity,train/loss_3d_normal_smooth,train/inv_s,train_params/lambda_rgb_mse,train_params/lambda_rgb_l1,train_params/lambda_mask,train_params/lambda_eikonal,train_params/lambda_normal,train_params/lambda_3d_normal_smooth,train_params/lambda_curvature,train_params/lambda_sparsity,train_params/lambda_distortion,train_params/lambda_distortion_bg,train_params/lambda_opaque,train/num_rays,epoch,val/psnr,test/psnr
0.001,0.01,0.001,99,,,,,,,,,,,,,,,,,,,,,,,,
,,,99,0.17455866932868958,0.5914689898490906,0.031124919652938843,0.03080790676176548,0.06850991398096085,0.16220664978027344,0.00392806064337492,0.024307336658239365,17.16152000427246,0.5,0.0,1.0,0.20000000298023224,1.0,1.0,0.0,0.5,0.0,0.0,0.0,1981.0,0,,
0.001,0.01,0.001,199,,,,,,,,,,,,,,,,,,,,,,,,
,,,199,0.14760488271713257,0.5162517428398132,0.025242943316698074,0.02879425324499607,0.04624538868665695,0.10910715162754059,0.00401550717651844,0.021386370062828064,30.701400756835938,0.5,0.0,1.0,0.20000000298023224,1.0,1.0,0.0,0.5,0.0,0.0,0.0,2153.0,0,,
0.001,0.01,0.001,299,,,,,,,,,,,,,,,,,,,,,,,,
,,,299,0.12994319200515747,0.4614408612251282,0.021732550114393234,0.02585461363196373,0.03413661569356918,0.07969126105308533,0.0047768717631697655,0.019297180697321892,48.82719039916992,0.5,0.0,1.0,0.20000000298023224,1.0,1.0,0.0,0.5,0.0,0.0,0.0,2322.0,0,,
0.001,0.01,0.001,399,,,,,,,,,,,,,,,,,,,,,,,,
,,,399,0.11789987981319427,0.43587443232536316,0.02145269885659218,0.023896286264061928,0.027165301144123077,0.05479667708277702,0.00699224416166544,0.0192293468862772,66.42579650878906,0.5,0.0,1.0,0.20000000298023224,1.0,1.0,0.0,0.5,0.0,0.0,0.0,2508.0,0,,
0.001,0.01,0.001,499,,,,,,,,,,,,,,,,,,,,,,,,
,,,499,0.10103700309991837,0.3968714773654938,0.016553200781345367,0.023009905591607094,0.020567676052451134,0.04917910322546959,0.004098846111446619,0.017368530854582787,82.29624938964844,0.5,0.0,1.0,0.20000000298023224,1.0,1.0,0.0,0.5,0.0,0.0,0.0,2777.0,0,,
0.0009762902393018333,0.009762902393018327,0.0009762902393018333,599,,,,,,,,,,,,,,,,,,,,,,,,
,,,599,0.09091012179851532,0.38055506348609924,0.01612372323870659,0.02206963486969471,0.021633364260196686,0.04685939848423004,0.004477908834815025,0.016784988343715668,95.75933837890625,0.5,0.0,1.0,0.20000000298023224,1.0,1.0,0.0,0.5,0.0,0.0,0.0,3007.0,0,,
0.0009529116391387575,0.009529116391387564,0.0009529116391387575,699,,,,,,,,,,,,,,,,,,,,,,,,
,,,699,0.09610623866319656,0.3987120985984802,0.017761074006557465,0.02130192518234253,0.01950547844171524,0.041286058723926544,0.005811432376503944,0.016304101794958115,108.13533020019531,0.5,0.0,1.0,0.20000000298023224,1.0,1.0,0.0,0.5,0.0,0.0,0.0,3258.0,0,,
0.0009300928714144201,0.00930092871414419,0.0009300928714144201,799,,,,,,,,,,,,,,,,,,,,,,,,
,,,799,0.11621655523777008,0.4064570665359497,0.01627599075436592,0.021857846528291702,0.016637347638607025,0.03674132749438286,0.007508228998631239,0.01733093522489071,120.7199935913086,0.5,0.0,1.0,0.20000000298023224,1.0,1.0,0.0,0.5,0.0,0.0,0.0,3590.0,0,,
0.0009078205301781964,0.009078205301781956,0.0009078205301781964,899,,,,,,,,,,,,,,,,,,,,,,,,
,,,899,0.0831865593791008,0.36296266317367554,0.01426265574991703,0.021200012415647507,0.01719755120575428,0.03290529549121857,0.005688123870640993,0.016705304384231567,130.96578979492188,0.5,0.0,1.0,0.20000000298023224,1.0,1.0,0.0,0.5,0.0,0.0,0.0,4038.0,0,,
0.0008860815305032171,0.008860815305032167,0.0008860815305032171,999,,,,,,,,,,,,,,,,,,,,,,,,
,,,999,0.08786814659833908,0.3645171523094177,0.01926582120358944,0.022288760170340538,0.013978754170238972,0.03391479328274727,0.00488792872056365,0.015489473938941956,137.03933715820312,0.5,0.0,1.0,0.20000000298023224,1.0,1.0,0.0,0.5,0.0,0.0,0.0,4507.0,0,,
0.0008648631007990185,0.00864863100799018,0.0008648631007990185,1099,,,,,,,,,,,,,,,,,,,,,,,,
,,,1099,0.09173717349767685,0.35466817021369934,0.016750136390328407,0.0225644800812006,0.014802173711359501,0.03268054500222206,0.004085627384483814,0.015834007412195206,146.61122131347656,0.5,0.0,1.0,0.20000000298023224,1.0,1.0,0.0,0.5,0.0,0.0,0.0,5112.0,0,,
0.0008441527753082735,0.008441527753082734,0.0008441527753082735,1199,,,,,,,,,,,,,,,,,,,,,,,,
,,,1199,0.07669739425182343,0.3476191759109497,0.014069957658648491,0.021315185353159904,0.009798049926757812,0.02696988545358181,0.005833068862557411,0.01644805073738098,163.9874725341797,0.5,0.0,1.0,0.20000000298023224,1.0,1.0,0.0,0.5,0.0,0.0,0.0,6160.0,0,,
0.0008239383867832009,0.008239383867832016,0.0008239383867832009,1299,,,,,,,,,,,,,,,,,,,,,,,,
,,,1299,0.07346278429031372,0.3243286609649658,0.013609920628368855,0.027884460985660553,0.002342002699151635,0.026613151654601097,0.005657684523612261,0.016092833131551743,173.2096710205078,0.5,0.0,1.0,0.20000000298023224,1.0,1.0,0.0,0.5,0.0,0.0,0.0,8192.0,0,,
0.0008042080593373492,0.008042080593373494,0.0008042080593373492,1399,,,,,,,,,,,,,,,,,,,,,,,,
,,,1399,0.07175188511610031,0.3237406611442566,0.015255365520715714,0.024563709273934364,0.001811070367693901,0.02699653059244156,0.0036671857815235853,0.014287762343883514,180.02352905273438,0.5,0.0,1.0,0.20000000298023224,1.0,1.0,0.0,0.5,0.0,0.0,0.0,8192.0,0,,
0.0007849502014685493,0.007849502014685499,0.0007849502014685493,1499,,,,,,,,,,,,,,,,,,,,,,,,
,,,1499,0.060010116547346115,0.2955301105976105,0.015654368326067924,0.02233833819627762,0.000969333981629461,0.024049315601587296,0.006576170679181814,0.015472782775759697,184.839111328125,0.5,0.0,1.0,0.20000000298023224,1.0,1.0,0.0,0.5,0.0,0.0,0.0,8192.0,0,,
0.0007661534992489488,0.007661534992489494,0.0007661534992489488,1599,,,,,,,,,,,,,,,,,,,,,,,,
,,,1599,0.06038844585418701,0.3002077043056488,0.013449668884277344,0.020999373868107796,0.0009367189486511052,0.024209413677453995,0.006458171643316746,0.016056254506111145,190.03579711914062,0.5,0.0,1.0,0.20000000298023224,1.0,1.0,0.0,0.5,0.0,0.0,0.0,8192.0,0,,
0.000747806909678114,0.007478069096781146,0.000747806909678114,1699,,,,,,,,,,,,,,,,,,,,,,,,
,,,1699,0.06320419162511826,0.3008061945438385,0.01310840342193842,0.02019484154880047,0.0009292933973483741,0.02488572709262371,0.005471198819577694,0.01466426532715559,189.53109741210938,0.5,0.0,1.0,0.20000000298023224,1.0,1.0,0.0,0.5,0.0,0.0,0.0,8192.0,0,,
0.0007298996541953055,0.007298996541953059,0.0007298996541953055,1799,,,,,,,,,,,,,,,,,,,,,,,,
,,,1799,0.05973516404628754,0.2922944724559784,0.013887681066989899,0.018769843503832817,0.0010677390964701772,0.024900682270526886,0.00745901744812727,0.014225997030735016,192.06109619140625,0.5,0.0,1.0,0.20000000298023224,1.0,1.0,0.0,0.5,0.0,0.0,0.0,8192.0,0,,
0.0007124212123471085,0.007124212123471088,0.0007124212123471085,1899,,,,,,,,,,,,,,,,,,,,,,,,
,,,1899,0.05966906249523163,0.29362088441848755,0.015318083576858044,0.019510533660650253,0.0012170039117336273,0.026245562359690666,0.0072198729030787945,0.012780917808413506,188.647216796875,0.5,0.0,1.0,0.20000000298023224,1.0,1.0,0.0,0.5,0.0,0.0,0.0,8192.0,0,,
0.0006953613156067008,0.006953613156067014,0.0006953613156067008,1999,,,,,,,,,,,,,,,,,,,,,,,,
,,,1999,0.0637453943490982,0.304474800825119,0.014387233182787895,0.017496678978204727,0.0009219578350894153,0.024838099256157875,0.006353823468089104,0.013956544920802116,193.40321350097656,0.5,0.0,1.0,0.20000000298023224,1.0,1.0,0.0,0.5,0.0,0.0,0.0,8192.0,0,,
0.0006787099413411284,0.006787099413411296,0.0006787099413411284,2099,,,,,,,,,,,,,,,,,,,,,,,,
,,,2099,0.06127050518989563,0.29309317469596863,0.014373861253261566,0.019429294392466545,0.0012155694421380758,0.026636503636837006,0.004843055736273527,0.01447085291147232,191.56077575683594,0.5,0.0,1.0,0.20000000298023224,1.0,1.0,0.0,0.5,0.0,0.0,0.0,8192.0,0,,
0.000662457306923042,0.006624573069230427,0.000662457306923042,2199,,,,,,,,,,,,,,,,,,,,,,,,
,,,2199,0.06173989176750183,0.28937774896621704,0.014352632686495781,0.018538963049650192,0.0011357881594449282,0.025878172367811203,0.005913864821195602,0.01345498114824295,192.16973876953125,0.5,0.0,1.0,0.20000000298023224,1.0,1.0,0.0,0.5,0.0,0.0,0.0,8192.0,0,,
0.0006465938639834328,0.006465938639834335,0.0006465938639834328,2299,,,,,,,,,,,,,,,,,,,,,,,,
,,,2299,0.05964871495962143,0.2852587401866913,0.01270216517150402,0.018242672085762024,0.000983687350526452,0.025538623332977295,0.004425806924700737,0.013021430000662804,196.74005126953125,0.5,0.0,1.0,0.20000000298023224,1.0,1.0,0.0,0.5,0.0,0.0,0.0,8192.0,0,,
0.0006311102928020011,0.0063111029280200175,0.0006311102928020011,2399,,,,,,,,,,,,,,,,,,,,,,,,
,,,2399,0.0540715716779232,0.27408868074417114,0.012360705062747002,0.016979970037937164,0.0008593381498940289,0.024199964478611946,0.007798139937222004,0.013356737792491913,196.83706665039062,0.5,0.0,1.0,0.20000000298023224,1.0,1.0,0.0,0.5,0.0,0.0,0.0,8192.0,0,,
0.0006159974968318482,0.006159974968318494,0.0006159974968318482,2499,,,,,,,,,,,,,,,,,,,,,,,,
,,,2499,0.05170847475528717,0.2675354480743408,0.01180194690823555,0.016530882567167282,0.0009770866017788649,0.02514006197452545,0.0045518409460783005,0.013086534105241299,198.02816772460938,0.5,0.0,1.0,0.20000000298023224,1.0,1.0,0.0,0.5,0.0,0.0,0.0,8192.0,0,,
0.000601246597355289,0.006012465973552901,0.000601246597355289,2599,,,,,,,,,,,,,,,,,,,,,,,,
,,,2599,0.0496554896235466,0.26756784319877625,0.013216933235526085,0.016985343769192696,0.001257715979591012,0.02608872950077057,0.006726081483066082,0.013232076540589333,194.0911102294922,0.5,0.0,1.0,0.20000000298023224,1.0,1.0,0.0,0.5,0.0,0.0,0.0,8192.0,0,,
0.0005868489282676302,0.005868489282676306,0.0005868489282676302,2699,,,,,,,,,,,,,,,,,,,,,,,,
,,,2699,0.05358728766441345,0.2730840742588043,0.012690206989645958,0.01685336045920849,0.0011688362574204803,0.025553233921527863,0.006345486268401146,0.013258441351354122,196.4188995361328,0.5,0.0,1.0,0.20000000298023224,1.0,1.0,0.0,0.5,0.0,0.0,0.0,8192.0,0,,
0.0005727960309858642,0.005727960309858654,0.0005727960309858642,2799,,,,,,,,,,,,,,,,,,,,,,,,
,,,2799,0.05364135280251503,0.2727101147174835,0.011623474769294262,0.016389111056923866,0.0010935964528471231,0.024947747588157654,0.006805389188230038,0.012941455468535423,200.1016082763672,0.5,0.0,1.0,0.20000000298023224,1.0,1.0,0.0,0.5,0.0,0.0,0.0,8192.0,0,,
0.0005590796494792832,0.005590796494792843,0.0005590796494792832,2899,,,,,,,,,,,,,,,,,,,,,,,,
,,,2899,0.056572504341602325,0.2823268473148346,0.013581007719039917,0.015661945566534996,0.0009227453847415745,0.024573883041739464,0.0057664779014885426,0.01370781660079956,204.310546875,0.5,0.0,1.0,0.20000000298023224,1.0,1.0,0.0,0.5,0.0,0.0,0.0,8192.0,0,,
0.000545691725419082,0.005456917254190826,0.000545691725419082,2999,,,,,,,,,,,,,,,,,,,,,,,,
,,,2999,0.05097494274377823,0.26392289996147156,0.012495229952037334,0.015099204145371914,0.0010443766368553042,0.024970723316073418,0.005966893397271633,0.012036988511681557,202.4288787841797,0.5,0.0,1.0,0.20000000298023224,1.0,1.0,0.0,0.5,0.0,0.0,0.0,8192.0,0,,
,,,2999,,,,,,,,,,,,,,,,,,,,,,0,20.70053482055664,
0.0005326243934441199,0.00532624393444121,0.0005326243934441199,3099,,,,,,,,,,,,,,,,,,,,,,,,
,,,3099,0.04990294948220253,0.2632194757461548,0.012237436138093472,0.017548995092511177,0.0018685483373701572,0.026552921161055565,0.0070309024304151535,0.01347627304494381,197.87591552734375,0.5,0.0,1.0,0.20000000298023224,1.0,1.0,0.0,0.5,0.0,0.0,0.0,8192.0,0,,
0.000519869976540049,0.005198699765400499,0.000519869976540049,3199,,,,,,,,,,,,,,,,,,,,,,,,
,,,3199,0.04881772771477699,0.2557728588581085,0.011492345482110977,0.01636277139186859,0.0008757792529650033,0.02361505851149559,0.00877310335636139,0.015328175388276577,197.69161987304688,0.5,0.0,1.0,0.20000000298023224,1.0,1.0,0.0,0.5,0.0,0.0,0.0,8192.0,0,,
0.0005074209815290884,0.0050742098152908996,0.0005074209815290884,3299,,,,,,,,,,,,,,,,,,,,,,,,
,,,3299,0.046993374824523926,0.25407853722572327,0.011647211387753487,0.016076356172561646,0.001090380479581654,0.024333450943231583,0.007997572422027588,0.013171074911952019,201.9631805419922,0.5,0.0,1.0,0.20000000298023224,1.0,1.0,0.0,0.5,0.0,0.0,0.0,8192.0,0,,
0.0004952700946678131,0.004952700946678146,0.0004952700946678131,3399,,,,,,,,,,,,,,,,,,,,,,,,
,,,3399,0.036466434597969055,0.22953900694847107,0.013647085055708885,0.015705307945609093,0.001013070112094283,0.02403411641716957,0.006225896067917347,0.011443786323070526,199.2274169921875,0.5,0.0,1.0,0.20000000298023224,1.0,1.0,0.0,0.5,0.0,0.0,0.0,8192.0,0,,
0.0004834101773503484,0.004834101773503496,0.0004834101773503484,3499,,,,,,,,,,,,,,,,,,,,,,,,
,,,3499,0.047794409096241,0.25537732243537903,0.01153198815882206,0.014961197040975094,0.0009744620183482766,0.02390269935131073,0.007619704119861126,0.012197533622384071,202.0815887451172,0.5,0.0,1.0,0.20000000298023224,1.0,1.0,0.0,0.5,0.0,0.0,0.0,8192.0,0,,
0.00047183426191446616,0.004718342619144669,0.00047183426191446616,3599,,,,,,,,,,,,,,,,,,,,,,,,
,,,3599,0.04584950953722,0.2513165771961212,0.012217197567224503,0.014990158379077911,0.0012767158914357424,0.026011494919657707,0.007852079346776009,0.011799810454249382,201.30294799804688,0.5,0.0,1.0,0.20000000298023224,1.0,1.0,0.0,0.5,0.0,0.0,0.0,8192.0,0,,
0.00046053554754810433,0.004605355475481049,0.00046053554754810433,3699,,,,,,,,,,,,,,,,,,,,,,,,
,,,3699,0.04337392747402191,0.24184942245483398,0.011555695906281471,0.01422321330755949,0.0008780972566455603,0.02436782605946064,0.006773003842681646,0.013296626508235931,200.40162658691406,0.5,0.0,1.0,0.20000000298023224,1.0,1.0,0.0,0.5,0.0,0.0,0.0,8192.0,0,,
0.0004495073962939136,0.004495073962939145,0.0004495073962939136,3799,,,,,,,,,,,,,,,,,,,,,,,,
,,,3799,0.04806328937411308,0.24941569566726685,0.010560158640146255,0.014433644711971283,0.0012842686846852303,0.026010461151599884,0.009297696873545647,0.012513197027146816,202.87017822265625,0.5,0.0,1.0,0.20000000298023224,1.0,1.0,0.0,0.5,0.0,0.0,0.0,8192.0,0,,
0.00043874332914947955,0.0043874332914948,0.00043874332914947955,3899,,,,,,,,,,,,,,,,,,,,,,,,
,,,3899,0.041222453117370605,0.23962025344371796,0.010805465281009674,0.01460359152406454,0.0009167257812805474,0.023752067238092422,0.005535031668841839,0.011903423815965652,201.95376586914062,0.5,0.0,1.0,0.20000000298023224,1.0,1.0,0.0,0.5,0.0,0.0,0.0,8192.0,0,,
0.0004282370222609282,0.004282370222609286,0.0004282370222609282,3999,,,,,,,,,,,,,,,,,,,,,,,,
,,,3999,0.03692082688212395,0.22731302678585052,0.012116774916648865,0.014400300569832325,0.001039177761413157,0.02505328692495823,0.006423114333301783,0.011825843714177608,203.2108917236328,0.5,0.0,1.0,0.20000000298023224,1.0,1.0,0.0,0.5,0.0,0.0,0.0,8192.0,0,,
0.0004179823032076846,0.004179823032076844,0.0004179823032076846,4099,,,,,,,,,,,,,,,,,,,,,,,,
,,,4099,0.04081675782799721,0.23995117843151093,0.012440275400876999,0.015752868726849556,0.001018029055558145,0.024650512263178825,0.0055980682373046875,0.011819854378700256,199.8162384033203,0.5,0.0,1.0,0.20000000298023224,1.0,1.0,0.0,0.5,0.0,0.0,0.0,8192.0,0,,
0.00040797314737619497,0.004079731473761952,0.00040797314737619497,4199,,,,,,,,,,,,,,,,,,,,,,,,
,,,4199,0.0394216887652874,0.23885968327522278,0.011387070640921593,0.015351185575127602,0.0012667427072301507,0.02567833662033081,0.004566526506096125,0.010400572791695595,199.5487823486328,0.5,0.0,1.0,0.20000000298023224,1.0,1.0,0.0,0.5,0.0,0.0,0.0,8192.0,0,,
0.0003982036744204882,0.003982036744204886,0.0003982036744204882,4299,,,,,,,,,,,,,,,,,,,,,,,,
,,,4299,0.04782295227050781,0.2371339350938797,0.011704080738127232,0.01487309392541647,0.0013089976273477077,0.025351762771606445,0.006926248781383038,0.010915066115558147,198.54942321777344,0.5,0.0,1.0,0.20000000298023224,1.0,1.0,0.0,0.5,0.0,0.0,0.0,8192.0,0,,
0.0003886681448074893,0.003886681448074897,0.0003886681448074893,4399,,,,,,,,,,,,,,,,,,,,,,,,
,,,4399,0.04527108743786812,0.24953234195709229,0.011823745444417,0.014178615994751453,0.0008713913266547024,0.024233438074588776,0.008314669132232666,0.014122435823082924,199.49607849121094,0.5,0.0,1.0,0.20000000298023224,1.0,1.0,0.0,0.5,0.0,0.0,0.0,8192.0,0,,
0.00037936095644506456,0.003793609564450651,0.00037936095644506456,4499,,,,,,,,,,,,,,,,,,,,,,,,
,,,4499,0.038760848343372345,0.22552219033241272,0.010305406525731087,0.01395019143819809,0.0014234172413125634,0.025766383856534958,0.005196469835937023,0.011851286515593529,198.3740692138672,0.5,0.0,1.0,0.20000000298023224,1.0,1.0,0.0,0.5,0.0,0.0,0.0,8192.0,0,,
0.00037027664139081026,0.0037027664139081093,0.00037027664139081026,4599,,,,,,,,,,,,,,,,,,,,,,,,
,,,4599,0.03889372572302818,0.2210368663072586,0.011588901281356812,0.01390286348760128,0.0012927174102514982,0.025740884244441986,0.004950564354658127,0.010156417265534401,197.66946411132812,0.5,0.0,1.0,0.20000000298023224,1.0,1.0,0.0,0.5,0.0,0.0,0.0,8192.0,0,,
0.0003614098626396544,0.0036140986263965493,0.0003614098626396544,4699,,,,,,,,,,,,,,,,,,,,,,,,
,,,4699,0.043748676776885986,0.23580478131771088,0.011394926346838474,0.01410613488405943,0.0012295133201405406,0.026132414117455482,0.0037302898708730936,0.010474761947989464,202.11898803710938,0.5,0.0,1.0,0.20000000298023224,1.0,1.0,0.0,0.5,0.0,0.0,0.0,8192.0,0,,
0.0003527554109883842,0.0035275541098838455,0.0003527554109883842,4799,,,,,,,,,,,,,,,,,,,,,,,,
,,,4799,0.04079257324337959,0.24211378395557404,0.01295939926058054,0.013513085432350636,0.0011604445753619075,0.024705752730369568,0.00703894067555666,0.011258198879659176,199.36863708496094,0.5,0.0,1.0,0.20000000298023224,1.0,1.0,0.0,0.5,0.0,0.0,0.0,8192.0,0,,
0.00034430820197525665,0.0034430820197525708,0.00034430820197525665,4899,,,,,,,,,,,,,,,,,,,,,,,,
,,,4899,0.035294223576784134,0.21574470400810242,0.011042606085538864,0.01345181092619896,0.0009487949428148568,0.023728273808956146,0.006681150756776333,0.01155846007168293,200.40878295898438,0.5,0.0,1.0,0.20000000298023224,1.0,1.0,0.0,0.5,0.0,0.0,0.0,8192.0,0,,
0.00033606327289289366,0.003360632728928936,0.00033606327289289366,4999,,,,,,,,,,,,,,,,,,,,,,,,
,,,4999,0.03666192665696144,0.22008736431598663,0.010935867205262184,0.01282478030771017,0.0016184966079890728,0.02569185383617878,0.007873699069023132,0.01219598762691021,199.48779296875,0.5,0.0,1.0,0.20000000298023224,1.0,1.0,0.0,0.5,0.0,0.0,0.0,8192.0,0,,
0.00032801577987270734,0.0032801577987270707,0.00032801577987270734,5099,,,,,,,,,,,,,,,,,,,,,,,,
,,,5099,0.03816146031022072,0.2296697050333023,0.011685753241181374,0.014134153723716736,0.0018640770576894283,0.02620851807296276,0.0059294868260622025,0.011273990385234356,198.7122344970703,0.5,0.0,1.0,0.20000000298023224,1.0,1.0,0.0,0.5,0.0,0.0,0.0,8192.0,0,,
0.00032016099503914434,0.0032016099503914403,0.00032016099503914434,5199,,,,,,,,,,,,,,,,,,,,,,,,
,,,5199,0.03599388152360916,0.22134746611118317,0.010279672220349312,0.013928842730820179,0.0014501617988571525,0.02575889229774475,0.007192876189947128,0.013417469337582588,198.54421997070312,0.5,0.0,1.0,0.20000000298023224,1.0,1.0,0.0,0.5,0.0,0.0,0.0,8192.0,0,,
0.0003124943037320743,0.0031249430373207405,0.0003124943037320743,5299,,,,,,,,,,,,,,,,,,,,,,,,
,,,5299,0.0395297110080719,0.22842785716056824,0.011014321818947792,0.014009513892233372,0.0020539192482829094,0.026981409639120102,0.005189199000597,0.01153605803847313,197.69378662109375,0.5,0.0,1.0,0.20000000298023224,1.0,1.0,0.0,0.5,0.0,0.0,0.0,8192.0,0,,
0.0003050112017956915,0.003050112017956916,0.0003050112017956915,5399,,,,,,,,,,,,,,,,,,,,,,,,
,,,5399,0.03594440966844559,0.2190736085176468,0.011958720162510872,0.013870799914002419,0.0015666248509660363,0.025602124631404877,0.007237643003463745,0.010970346629619598,200.88478088378906,0.5,0.0,1.0,0.20000000298023224,1.0,1.0,0.0,0.5,0.0,0.0,0.0,8192.0,0,,
0.00029770729293233965,0.0029770729293233968,0.00029770729293233965,5499,,,,,,,,,,,,,,,,,,,,,,,,
,,,5499,0.04003077745437622,0.2253318876028061,0.010586225427687168,0.014176354743540287,0.0014646209310740232,0.026119496673345566,0.006394801661372185,0.0126598309725523,198.85385131835938,0.5,0.0,1.0,0.20000000298023224,1.0,1.0,0.0,0.5,0.0,0.0,0.0,8192.0,0,,
0.0002905782861196994,0.0029057828611969948,0.0002905782861196994,5599,,,,,,,,,,,,,,,,,,,,,,,,
,,,5599,0.03433135896921158,0.2164478898048401,0.010130658745765686,0.013287276960909367,0.000919557933229953,0.024122200906276703,0.004430926404893398,0.012264309450984001,199.11392211914062,0.5,0.0,1.0,0.20000000298023224,1.0,1.0,0.0,0.5,0.0,0.0,0.0,8192.0,0,,
0.00028361999308982916,0.0028361999308982927,0.00028361999308982916,5699,,,,,,,,,,,,,,,,,,,,,,,,
,,,5699,0.036237139254808426,0.21941033005714417,0.009755166247487068,0.01261963788419962,0.000914550619199872,0.024778669700026512,0.006552517414093018,0.011142609640955925,199.3821258544922,0.5,0.0,1.0,0.20000000298023224,1.0,1.0,0.0,0.5,0.0,0.0,0.0,8192.0,0,,
0.0002768283258685701,0.0027682832586857016,0.0002768283258685701,5799,,,,,,,,,,,,,,,,,,,,,,,,
,,,5799,0.03447411581873894,0.21490955352783203,0.011269963346421719,0.012796645984053612,0.0017014251789078116,0.026324879378080368,0.006247335113584995,0.011544066481292248,202.0265655517578,0.5,0.0,1.0,0.20000000298023224,1.0,1.0,0.0,0.5,0.0,0.0,0.0,8192.0,0,,
0.00027019929437387515,0.0027019929437387532,0.00027019929437387515,5899,,,,,,,,,,,,,,,,,,,,,,,,
,,,5899,0.03435884788632393,0.21715140342712402,0.010973715223371983,0.012578018940985203,0.0014056937070563436,0.02586461789906025,0.006213010288774967,0.0130107831209898,200.33990478515625,0.5,0.0,1.0,0.20000000298023224,1.0,1.0,0.0,0.5,0.0,0.0,0.0,8192.0,0,,
0.0002637290040716496,0.0026372900407164966,0.0002637290040716496,5999,,,,,,,,,,,,,,,,,,,,,,,,
,,,5999,0.03547119349241257,0.21776092052459717,0.009757035411894321,0.01284477487206459,0.0010717392433434725,0.024747498333454132,0.006303302478045225,0.011716341599822044,200.73300170898438,0.5,0.0,1.0,0.20000000298023224,1.0,1.0,0.0,0.5,0.0,0.0,0.0,8192.0,0,,
,,,5999,,,,,,,,,,,,,,,,,,,,,,0,20.67901611328125,
0.00025741365368772424,0.002574136536877244,0.00025741365368772424,6099,,,,,,,,,,,,,,,,,,,,,,,,
,,,6099,0.03722280263900757,0.22181865572929382,0.009970385581254959,0.013458632864058018,0.0011775885941460729,0.02559572085738182,0.007605767343193293,0.012915760278701782,198.71641540527344,0.5,0.0,1.0,0.20000000298023224,1.0,1.0,0.0,0.5,0.0,0.0,0.0,8192.0,0,,
0.00025124953297462,0.0025124953297462047,0.00025124953297462,6199,,,,,,,,,,,,,,,,,,,,,,,,
,,,6199,0.03371066972613335,0.21343713998794556,0.010415669530630112,0.012953134253621101,0.0010215488728135824,0.02398345246911049,0.007505464367568493,0.011280889622867107,199.43045043945312,0.5,0.0,1.0,0.20000000298023224,1.0,1.0,0.0,0.5,0.0,0.0,0.0,8192.0,0,,
0.00024523302053178973,0.0024523302053179033,0.00024523302053178973,6299,,,,,,,,,,,,,,,,,,,,,,,,
,,,6299,0.0392506904900074,0.2266421616077423,0.01159761194139719,0.013495786115527153,0.0012616543099284172,0.025832027196884155,0.007185871712863445,0.012842463329434395,200.7624053955078,0.5,0.0,1.0,0.20000000298023224,1.0,1.0,0.0,0.5,0.0,0.0,0.0,8192.0,0,,
0.00023936058167805708,0.0023936058167805733,0.00023936058167805708,6399,,,,,,,,,,,,,,,,,,,,,,,,
,,,6399,0.03314298018813133,0.20954184234142303,0.010920736007392406,0.012919897213578224,0.0012743774568662047,0.02559024654328823,0.00733588170260191,0.012413575313985348,201.47474670410156,0.5,0.0,1.0,0.20000000298023224,1.0,1.0,0.0,0.5,0.0,0.0,0.0,8192.0,0,,
0.00023362876637500298,0.0023362876637500313,0.00023362876637500298,6499,,,,,,,,,,,,,,,,,,,,,,,,
,,,6499,0.02964957430958748,0.2035319060087204,0.010946677066385746,0.013102120719850063,0.0013594951014965773,0.02591509371995926,0.008478270843625069,0.011906519532203674,199.5778045654297,0.5,0.0,1.0,0.20000000298023224,1.0,1.0,0.0,0.5,0.0,0.0,0.0,8192.0,0,,
0.00022803420720007977,0.0022803420720008023,0.00022803420720007977,6599,,,,,,,,,,,,,,,,,,,,,,,,
,,,6599,0.03948920965194702,0.22604772448539734,0.010274199768900871,0.012804999016225338,0.001231732196174562,0.02553180605173111,0.00528228934854269,0.010340702719986439,201.0785675048828,0.5,0.0,1.0,0.20000000298023224,1.0,1.0,0.0,0.5,0.0,0.0,0.0,8192.0,0,,
0.00022257361736826182,0.0022257361736826246,0.00022257361736826182,6699,,,,,,,,,,,,,,,,,,,,,,,,
,,,6699,0.034227464348077774,0.2073487639427185,0.010418001562356949,0.012798060663044453,0.0017301944317296147,0.026445584371685982,0.00812235102057457,0.011657774448394775,198.59573364257812,0.5,0.0,1.0,0.20000000298023224,1.0,1.0,0.0,0.5,0.0,0.0,0.0,8192.0,0,,
0.00021724378880106922,0.0021724378880107007,0.00021724378880106922,6799,,,,,,,,,,,,,,,,,,,,,,,,
,,,6799,0.03564653545618057,0.21448631584644318,0.010890543460845947,0.012384091503918171,0.0009948043152689934,0.025151673704385757,0.007328543812036514,0.011914081871509552,199.7945098876953,0.5,0.0,1.0,0.20000000298023224,1.0,1.0,0.0,0.5,0.0,0.0,0.0,8192.0,0,,
0.00021204159024183352,0.0021204159024183437,0.00021204159024183352,6899,,,,,,,,,,,,,,,,,,,,,,,,
,,,6899,0.03408743441104889,0.2133699655532837,0.009774191305041313,0.012285493314266205,0.001208949601277709,0.027105122804641724,0.006916883867233992,0.0125979483127594,198.1305389404297,0.5,0.0,1.0,0.20000000298023224,1.0,1.0,0.0,0.5,0.0,0.0,0.0,8192.0,0,,
0.00020696396541609337,0.0020696396541609436,0.00020696396541609337,6999,,,,,,,,,,,,,,,,,,,,,,,,
,,,6999,0.03335460275411606,0.21015869081020355,0.010371711105108261,0.012149177491664886,0.0015682526864111423,0.025820661336183548,0.00784249510616064,0.011958051472902298,200.12774658203125,0.5,0.0,1.0,0.20000000298023224,1.0,1.0,0.0,0.5,0.0,0.0,0.0,8192.0,0,,
0.000202007931236045,0.0020200793123604575,0.000202007931236045,7099,,,,,,,,,,,,,,,,,,,,,,,,
,,,7099,0.03300495818257332,0.20769886672496796,0.010161716490983963,0.011838776990771294,0.0012920182198286057,0.025031041353940964,0.006552645470947027,0.010938572697341442,201.65293884277344,0.5,0.0,1.0,0.20000000298023224,1.0,1.0,0.0,0.5,0.0,0.0,0.0,8192.0,0,,
0.0001971705760479865,0.0019717057604798716,0.0001971705760479865,7199,,,,,,,,,,,,,,,,,,,,,,,,
,,,7199,0.032221950590610504,0.20658525824546814,0.010477694682776928,0.011673713102936745,0.001207460998557508,0.025144856423139572,0.005301572382450104,0.010995199903845787,200.49539184570312,0.5,0.0,1.0,0.20000000298023224,1.0,1.0,0.0,0.5,0.0,0.0,0.0,8192.0,0,,
0.00019244905792173178,0.0019244905792173226,0.00019244905792173178,7299,,,,,,,,,,,,,,,,,,,,,,,,
,,,7299,0.034734077751636505,0.21475163102149963,0.011235872283577919,0.011982932686805725,0.001965161645784974,0.025957560166716576,0.005244768224656582,0.01001959852874279,201.34815979003906,0.5,0.0,1.0,0.20000000298023224,1.0,1.0,0.0,0.5,0.0,0.0,0.0,8192.0,0,,
0.0001878406029809857,0.0018784060298098607,0.0001878406029809857,7399,,,,,,,,,,,,,,,,,,,,,,,,
,,,7399,0.030312683433294296,0.19743283092975616,0.009646996855735779,0.012108121067285538,0.0013690295163542032,0.026246139779686928,0.006660471670329571,0.012435096316039562,199.0630340576172,0.5,0.0,1.0,0.20000000298023224,1.0,1.0,0.0,0.5,0.0,0.0,0.0,8192.0,0,,
0.00018334250377370073,0.0018334250377370113,0.00018334250377370073,7499,,,,,,,,,,,,,,,,,,,,,,,,
,,,7499,0.028323490172624588,0.19825014472007751,0.009749993681907654,0.01233428530395031,0.0025224105920642614,0.026761211454868317,0.005696956999599934,0.010600261390209198,200.15762329101562,0.5,0.0,1.0,0.20000000298023224,1.0,1.0,0.0,0.5,0.0,0.0,0.0,8192.0,0,,
0.00017895211768145845,0.0017895211768145895,0.00017895211768145845,7599,,,,,,,,,,,,,,,,,,,,,,,,
,,,7599,0.034946516156196594,0.2131129801273346,0.010029198601841927,0.011986963450908661,0.0015528213698416948,0.026136383414268494,0.005961208138614893,0.01234752219170332,202.372314453125,0.5,0.0,1.0,0.20000000298023224,1.0,1.0,0.0,0.5,0.0,0.0,0.0,8192.0,0,,
0.0001746668653669394,0.0017466686536693984,0.0001746668653669394,7699,,,,,,,,,,,,,,,,,,,,,,,,
,,,7699,0.02867857739329338,0.19789627194404602,0.010249029844999313,0.011043249629437923,0.000983690144494176,0.023476701229810715,0.005826262757182121,0.011014050804078579,201.3316650390625,0.5,0.0,1.0,0.20000000298023224,1.0,1.0,0.0,0.5,0.0,0.0,0.0,8192.0,0,,
0.00017048422925857088,0.0017048422925857146,0.00017048422925857088,7799,,,,,,,,,,,,,,,,,,,,,,,,
,,,7799,0.03509950637817383,0.20241300761699677,0.010338791646063328,0.011585403233766556,0.0017239961307495832,0.02752264030277729,0.00656024320051074,0.012322336435317993,201.33090209960938,0.5,0.0,1.0,0.20000000298023224,1.0,1.0,0.0,0.5,0.0,0.0,0.0,8192.0,0,,
0.00016640175207146253,0.0016640175207146312,0.00016640175207146253,7899,,,,,,,,,,,,,,,,,,,,,,,,
,,,7899,0.031132740899920464,0.20616166293621063,0.010473998263478279,0.012002884410321712,0.0016163247637450695,0.02626824378967285,0.007413899526000023,0.01145857386291027,200.05474853515625,0.5,0.0,1.0,0.20000000298023224,1.0,1.0,0.0,0.5,0.0,0.0,0.0,8192.0,0,,
0.00016241703536375895,0.0016241703536375941,0.00016241703536375895,7999,,,,,,,,,,,,,,,,,,,,,,,,
,,,7999,0.03405508026480675,0.20374859869480133,0.009783407673239708,0.011358984746038914,0.0017910500755533576,0.026385117322206497,0.008868349716067314,0.01182777713984251,201.3973388671875,0.5,0.0,1.0,0.20000000298023224,1.0,1.0,0.0,0.5,0.0,0.0,0.0,8192.0,0,,
0.00015852773812756322,0.001585277381275637,0.00015852773812756322,8099,,,,,,,,,,,,,,,,,,,,,,,,
,,,8099,0.03290947526693344,0.20337150990962982,0.009794316254556179,0.011737417429685593,0.0011227723443880677,0.025281723588705063,0.008223483338952065,0.01124549936503172,201.06130981445312,0.5,0.0,1.0,0.20000000298023224,1.0,1.0,0.0,0.5,0.0,0.0,0.0,8192.0,0,,
0.00015473157541360266,0.0015473157541360323,0.00015473157541360266,8199,,,,,,,,,,,,,,,,,,,,,,,,
,,,8199,0.03433554247021675,0.20666912198066711,0.010908343829214573,0.011450204998254776,0.0013556164922192693,0.025299005210399628,0.00775957154110074,0.011492999270558357,202.72157287597656,0.5,0.0,1.0,0.20000000298023224,1.0,1.0,0.0,0.5,0.0,0.0,0.0,8192.0,0,,
0.00015102631698882878,0.0015102631698882952,0.00015102631698882878,8299,,,,,,,,,,,,,,,,,,,,,,,,
,,,8299,0.03165556490421295,0.2012609988451004,0.009759461507201195,0.01115015335381031,0.0014112741919234395,0.025622405111789703,0.00633957190439105,0.011341437697410583,202.2194366455078,0.5,0.0,1.0,0.20000000298023224,1.0,1.0,0.0,0.5,0.0,0.0,0.0,8192.0,0,,
0.00014740978602616268,0.0014740978602616338,0.00014740978602616268,8399,,,,,,,,,,,,,,,,,,,,,,,,
,,,8399,0.03219858929514885,0.2067839801311493,0.008756818249821663,0.011448688805103302,0.0012156455777585506,0.0263308547437191,0.008175749331712723,0.011633014306426048,200.62745666503906,0.5,0.0,1.0,0.20000000298023224,1.0,1.0,0.0,0.5,0.0,0.0,0.0,8192.0,0,,
0.00014387985782561577,0.0014387985782561641,0.00014387985782561577,8499,,,,,,,,,,,,,,,,,,,,,,,,
,,,8499,0.03066839650273323,0.19528384506702423,0.010068684816360474,0.010959140956401825,0.0010854421416297555,0.02506515569984913,0.007449929602444172,0.011742992326617241,202.99781799316406,0.5,0.0,1.0,0.20000000298023224,1.0,1.0,0.0,0.5,0.0,0.0,0.0,8192.0,0,,
0.00014043445856603626,0.0014043445856603684,0.00014043445856603626,8599,,,,,,,,,,,,,,,,,,,,,,,,
,,,8599,0.028712349012494087,0.19546546041965485,0.009951264597475529,0.011272797361016273,0.0014415221521630883,0.0257119070738554,0.006666501984000206,0.01206299103796482,202.7199249267578,0.5,0.0,1.0,0.20000000298023224,1.0,1.0,0.0,0.5,0.0,0.0,0.0,8192.0,0,,
0.00013707156408674571,0.0013707156408674615,0.00013707156408674571,8699,,,,,,,,,,,,,,,,,,,,,,,,
,,,8699,0.0319855697453022,0.20326173305511475,0.009729900397360325,0.011309411376714706,0.0019042384810745716,0.027163110673427582,0.007746215909719467,0.011483078822493553,202.26889038085938,0.5,0.0,1.0,0.20000000298023224,1.0,1.0,0.0,0.5,0.0,0.0,0.0,8192.0,0,,
0.00013378919869835152,0.001337891986983518,0.00013378919869835152,8799,,,,,,,,,,,,,,,,,,,,,,,,
,,,8799,0.028754955157637596,0.19274549186229706,0.009263595566153526,0.011079400777816772,0.0028438419103622437,0.027995571494102478,0.005379966925829649,0.01051483117043972,202.7300567626953,0.5,0.0,1.0,0.20000000298023224,1.0,1.0,0.0,0.5,0.0,0.0,0.0,8192.0,0,,
0.00013058543402203577,0.0013058543402203605,0.00013058543402203577,8899,,,,,,,,,,,,,,,,,,,,,,,,
,,,8899,0.0310271754860878,0.1977647840976715,0.01019289717078209,0.010963198728859425,0.002409339416772127,0.02640296146273613,0.004955521784722805,0.010897117666900158,202.576904296875,0.5,0.0,1.0,0.20000000298023224,1.0,1.0,0.0,0.5,0.0,0.0,0.0,8192.0,0,,
0.00012745838785663935,0.001274583878566394,0.00012745838785663935,8999,,,,,,,,,,,,,,,,,,,,,,,,
,,,8999,0.028433598577976227,0.1896752417087555,0.009428135119378567,0.010651917196810246,0.001201631035655737,0.026090065017342567,0.008015694096684456,0.010888984426856041,203.00653076171875,0.5,0.0,1.0,0.20000000298023224,1.0,1.0,0.0,0.5,0.0,0.0,0.0,8192.0,0,,
,,,8999,,,,,,,,,,,,,,,,,,,,,,0,20.44715118408203,
0.00012440622307287414,0.0012440622307287427,0.00012440622307287414,9099,,,,,,,,,,,,,,,,,,,,,,,,
,,,9099,0.030142247676849365,0.19787825644016266,0.009235095232725143,0.011045514605939388,0.0021744845435023308,0.027556290850043297,0.006497724447399378,0.009988644160330296,203.0252227783203,0.5,0.0,1.0,0.20000000298023224,1.0,1.0,0.0,0.5,0.0,0.0,0.0,8192.0,0,,
0.0001214271465340171,0.0012142714653401716,0.0001214271465340171,9199,,,,,,,,,,,,,,,,,,,,,,,,
,,,9199,0.030568772926926613,0.1965857297182083,0.009324399754405022,0.010568075813353062,0.0012016543187201023,0.02474023960530758,0.0076200771145522594,0.010784290730953217,205.13583374023438,0.5,0.0,1.0,0.20000000298023224,1.0,1.0,0.0,0.5,0.0,0.0,0.0,8192.0,0,,
0.00011851940804244703,0.0011851940804244716,0.00011851940804244703,9299,,,,,,,,,,,,,,,,,,,,,,,,
,,,9299,0.027935292571783066,0.19595786929130554,0.009915731847286224,0.010973836295306683,0.0012875315733253956,0.025571998208761215,0.008136902004480362,0.010746648535132408,204.92698669433594,0.5,0.0,1.0,0.20000000298023224,1.0,1.0,0.0,0.5,0.0,0.0,0.0,8192.0,0,,
0.00011568129931140997,0.001156812993114101,0.00011568129931140997,9399,,,,,,,,,,,,,,,,,,,,,,,,
,,,9399,0.03370533883571625,0.20211660861968994,0.010249569080770016,0.011067190207540989,0.0011686815414577723,0.025264237076044083,0.005870385095477104,0.011077809147536755,203.51576232910156,0.5,0.0,1.0,0.20000000298023224,1.0,1.0,0.0,0.5,0.0,0.0,0.0,8192.0,0,,
0.00011291115296140587,0.0011291115296140602,0.00011291115296140587,9499,,,,,,,,,,,,,,,,,,,,,,,,
,,,9499,0.035435859113931656,0.20791170001029968,0.009616795927286148,0.010616714134812355,0.0017138534458354115,0.025914402678608894,0.007812057621777058,0.010933543555438519,204.01634216308594,0.5,0.0,1.0,0.20000000298023224,1.0,1.0,0.0,0.5,0.0,0.0,0.0,8192.0,0,,
0.00011020734154060924,0.0011020734154060935,0.00011020734154060924,9599,,,,,,,,,,,,,,,,,,,,,,,,
,,,9599,0.030047891661524773,0.19553279876708984,0.008957499638199806,0.011114838533103466,0.0012820754200220108,0.02478698268532753,0.00452604703605175,0.011064482852816582,203.55874633789062,0.5,0.0,1.0,0.20000000298023224,1.0,1.0,0.0,0.5,0.0,0.0,0.0,8192.0,0,,
0.000107568276568746,0.0010756827656874617,0.000107568276568746,9699,,,,,,,,,,,,,,,,,,,,,,,,
,,,9699,0.032008010894060135,0.19837196171283722,0.009334148839116096,0.011028527282178402,0.001423896523192525,0.02569286897778511,0.0066236453130841255,0.010634618811309338,203.56129455566406,0.5,0.0,1.0,0.20000000298023224,1.0,1.0,0.0,0.5,0.0,0.0,0.0,8192.0,0,,
0.000104992407603867,0.0010499240760386706,0.000104992407603867,9799,,,,,,,,,,,,,,,,,,,,,,,,
,,,9799,0.029061827808618546,0.19161255657672882,0.010434238240122795,0.011186226271092892,0.0018049062928184867,0.02590707689523697,0.006565900519490242,0.009603510610759258,203.2386016845703,0.5,0.0,1.0,0.20000000298023224,1.0,1.0,0.0,0.5,0.0,0.0,0.0,8192.0,0,,
0.00010247822133146831,0.001024782213314682,0.00010247822133146831,9899,,,,,,,,,,,,,,,,,,,,,,,,
,,,9899,0.02991941012442112,0.19442354142665863,0.009063356555998325,0.011877448298037052,0.001997715560719371,0.026395734399557114,0.00923785101622343,0.011604927480220795,204.57884216308594,0.5,0.0,1.0,0.20000000298023224,1.0,1.0,0.0,0.5,0.0,0.0,0.0,8192.0,0,,
0.00010002424067542386,0.0010002424067542383,0.00010002424067542386,9999,,,,,,,,,,,,,,,,,,,,,,,,
,,,9999,0.029253942891955376,0.19458642601966858,0.008786981925368309,0.01133964117616415,0.0014762026257812977,0.024430271238088608,0.007213698700070381,0.009718276560306549,204.9860382080078,0.5,0.0,1.0,0.20000000298023224,1.0,1.0,0.0,0.5,0.0,0.0,0.0,8192.0,0,,
,,,10000,,,,,,,,,,,,,,,,,,,,,,1,,20.788284301757812
